delete from DRIP_PROPERTY_VALUE_STRING;
delete from DRIP_PROPERTY_VALUE_NUMBER;
delete from DRIP_PROPERTY_KEY;
delete from DRIP_PROPERTY_GROUP;

-- 1表示字符串,2表示整数，3表示日期，4表示小数

-- 系统分组
insert into DRIP_PROPERTY_GROUP (DBID, GROUP_NAME, DISPLAY_NAME,I18N_ID) VALUES (1,'drip.properties','drip.properties','zh_cn');

-- 为匿名用户分配的标识，分配一个之后，该值加1
insert into DRIP_PROPERTY_KEY (DBID,PROPERTY_KEY,GROUP_ID,PROPERTY_TYPE) VALUES (1, 'drip.cookie.max.userId', 1, 2);
insert into DRIP_PROPERTY_VALUE_NUMBER (KEY_ID, PROPERTY_VALUE) VALUES (1, 0);

-- git仓库的根目录
insert into DRIP_PROPERTY_KEY (DBID,PROPERTY_KEY,GROUP_ID,PROPERTY_TYPE) VALUES (60, 'git.repo.root', 1, 1);
insert into DRIP_PROPERTY_VALUE_STRING (KEY_ID, PROPERTY_VALUE,I18n_ID) VALUES (60, '/mnt/drip_data/','zh_cn');

-- 是否允许自动发送激活邮件，默认是允许
insert into DRIP_PROPERTY_KEY (DBID,PROPERTY_KEY,GROUP_ID,PROPERTY_TYPE) VALUES (61, 'email.active.user.auto', 1, 1);
insert into DRIP_PROPERTY_VALUE_STRING (KEY_ID, PROPERTY_VALUE,I18n_ID) VALUES (61, '1','zh_cn');

-- renren连接信息
insert into DRIP_PROPERTY_GROUP (DBID, GROUP_NAME, DISPLAY_NAME,I18N_ID) VALUES (2,'renren','人人网','zh_cn');
insert into DRIP_PROPERTY_KEY (DBID,PROPERTY_KEY,GROUP_ID,PROPERTY_TYPE) VALUES (2, 'renren.app.id', 2, 1);
insert into DRIP_PROPERTY_KEY (DBID,PROPERTY_KEY,GROUP_ID,PROPERTY_TYPE) VALUES (3, 'renren.app.key', 2, 1);
insert into DRIP_PROPERTY_KEY (DBID,PROPERTY_KEY,GROUP_ID,PROPERTY_TYPE) VALUES (4, 'renren.app.secret', 2, 1);
insert into DRIP_PROPERTY_KEY (DBID,PROPERTY_KEY,GROUP_ID,PROPERTY_TYPE) VALUES (5, 'renren.url.loginPage', 2, 1);
insert into DRIP_PROPERTY_KEY (DBID,PROPERTY_KEY,GROUP_ID,PROPERTY_TYPE) VALUES (6, 'renren.redirect.url', 2, 1);
insert into DRIP_PROPERTY_KEY (DBID,PROPERTY_KEY,GROUP_ID,PROPERTY_TYPE) VALUES (7, 'renren.oauth.token.endPoint', 2, 1);

insert into DRIP_PROPERTY_VALUE_STRING (KEY_ID, PROPERTY_VALUE,I18n_ID) VALUES (2, '220706','zh_cn');
insert into DRIP_PROPERTY_VALUE_STRING (KEY_ID, PROPERTY_VALUE,I18n_ID) VALUES (3, '551e42f6d0ab4204b2da284ec310c857','zh_cn');
insert into DRIP_PROPERTY_VALUE_STRING (KEY_ID, PROPERTY_VALUE,I18n_ID) VALUES (4, '1a5d89ccef9944838d54574940f9026c','zh_cn');
insert into DRIP_PROPERTY_VALUE_STRING (KEY_ID, PROPERTY_VALUE,I18n_ID) VALUES (5, 'https://graph.renren.com/oauth/authorize?client_id={0}&response_type=code&redirect_uri={1}&display=page','zh_cn');
insert into DRIP_PROPERTY_VALUE_STRING (KEY_ID, PROPERTY_VALUE,I18n_ID) VALUES (6, 'http://zizibujuan.com/login/renren','zh_cn');
insert into DRIP_PROPERTY_VALUE_STRING (KEY_ID, PROPERTY_VALUE,I18n_ID) VALUES (7, 'https://graph.renren.com/oauth/token','zh_cn');

-- 性别
insert into DRIP_PROPERTY_GROUP (DBID, GROUP_NAME, DISPLAY_NAME,I18N_ID) VALUES (40,'sex','性别','zh_cn');
-- insert into DRIP_PROPERTY_KEY (DBID,PROPERTY_KEY,GROUP_ID,PROPERTY_TYPE) VALUES (40, '0', 40, 1);
insert into DRIP_PROPERTY_KEY (DBID,PROPERTY_KEY,GROUP_ID,PROPERTY_TYPE) VALUES (41, '1', 40, 1);
insert into DRIP_PROPERTY_KEY (DBID,PROPERTY_KEY,GROUP_ID,PROPERTY_TYPE) VALUES (42, '2', 40, 1);
-- insert into DRIP_PROPERTY_KEY (DBID,PROPERTY_KEY,GROUP_ID,PROPERTY_TYPE) VALUES (43, '9', 40, 1);

-- insert into DRIP_PROPERTY_VALUE_STRING (KEY_ID, PROPERTY_VALUE,I18n_ID) VALUES (40, '','zh_cn');
insert into DRIP_PROPERTY_VALUE_STRING (KEY_ID, PROPERTY_VALUE,I18n_ID) VALUES (41, '男','zh_cn');
insert into DRIP_PROPERTY_VALUE_STRING (KEY_ID, PROPERTY_VALUE,I18n_ID) VALUES (42, '女','zh_cn');
-- insert into DRIP_PROPERTY_VALUE_STRING (KEY_ID, PROPERTY_VALUE,I18n_ID) VALUES (43, 'AB型','zh_cn');

-- 血型
insert into DRIP_PROPERTY_KEY (DBID,PROPERTY_KEY,GROUP_ID,PROPERTY_TYPE) VALUES (50, 'O', 50, 1);
insert into DRIP_PROPERTY_KEY (DBID,PROPERTY_KEY,GROUP_ID,PROPERTY_TYPE) VALUES (51, 'A', 50, 1);
insert into DRIP_PROPERTY_KEY (DBID,PROPERTY_KEY,GROUP_ID,PROPERTY_TYPE) VALUES (52, 'B', 50, 1);
insert into DRIP_PROPERTY_KEY (DBID,PROPERTY_KEY,GROUP_ID,PROPERTY_TYPE) VALUES (53, 'AB', 50, 1);
insert into DRIP_PROPERTY_KEY (DBID,PROPERTY_KEY,GROUP_ID,PROPERTY_TYPE) VALUES (54, 'RH', 50, 1);

insert into DRIP_PROPERTY_VALUE_STRING (KEY_ID, PROPERTY_VALUE,I18n_ID) VALUES (50, 'O型','zh_cn');
insert into DRIP_PROPERTY_VALUE_STRING (KEY_ID, PROPERTY_VALUE,I18n_ID) VALUES (51, 'A型','zh_cn');
insert into DRIP_PROPERTY_VALUE_STRING (KEY_ID, PROPERTY_VALUE,I18n_ID) VALUES (52, 'B型','zh_cn');
insert into DRIP_PROPERTY_VALUE_STRING (KEY_ID, PROPERTY_VALUE,I18n_ID) VALUES (53, 'AB型','zh_cn');
insert into DRIP_PROPERTY_VALUE_STRING (KEY_ID, PROPERTY_VALUE,I18n_ID) VALUES (54, 'RH阴型','zh_cn');


-- 网站邮箱配置信息
insert into DRIP_PROPERTY_GROUP (DBID, GROUP_NAME, DISPLAY_NAME,I18N_ID) VALUES (11,'drip.email','drip.email','zh_cn');

insert into DRIP_PROPERTY_KEY (DBID,PROPERTY_KEY,GROUP_ID,PROPERTY_TYPE) VALUES (11, 'email.host.name', 11, 1);
insert into DRIP_PROPERTY_KEY (DBID,PROPERTY_KEY,GROUP_ID,PROPERTY_TYPE) VALUES (12, 'email.host.port', 11, 1);
insert into DRIP_PROPERTY_KEY (DBID,PROPERTY_KEY,GROUP_ID,PROPERTY_TYPE) VALUES (13, 'email.support.email', 11, 1);
insert into DRIP_PROPERTY_KEY (DBID,PROPERTY_KEY,GROUP_ID,PROPERTY_TYPE) VALUES (14, 'email.support.userName', 11, 1);
insert into DRIP_PROPERTY_KEY (DBID,PROPERTY_KEY,GROUP_ID,PROPERTY_TYPE) VALUES (15, 'email.support.password', 11, 1);
insert into DRIP_PROPERTY_KEY (DBID,PROPERTY_KEY,GROUP_ID,PROPERTY_TYPE) VALUES (16, 'email.support.subject.activeUser', 11, 1);

insert into DRIP_PROPERTY_VALUE_STRING (KEY_ID, PROPERTY_VALUE,I18n_ID) VALUES (11, 'smtp.googlemail.com','zh_cn');
insert into DRIP_PROPERTY_VALUE_STRING (KEY_ID, PROPERTY_VALUE,I18n_ID) VALUES (12, '465','zh_cn');
insert into DRIP_PROPERTY_VALUE_STRING (KEY_ID, PROPERTY_VALUE,I18n_ID) VALUES (13, 'zhengwei.jin@gmail.com','zh_cn');
insert into DRIP_PROPERTY_VALUE_STRING (KEY_ID, PROPERTY_VALUE,I18n_ID) VALUES (14, '孜孜不倦','zh_cn');
insert into DRIP_PROPERTY_VALUE_STRING (KEY_ID, PROPERTY_VALUE,I18n_ID) VALUES (15, 'sowhat!@#456','zh_cn');
insert into DRIP_PROPERTY_VALUE_STRING (KEY_ID, PROPERTY_VALUE,I18n_ID) VALUES (16, '请确认您在孜孜不倦的注册邮箱','zh_cn');


-- 职业信息

-- 学校

-- 学校与城市的关系
